species,Beak.Length_Culmen,Beak.Length_Nares,Beak.Width,Beak.Depth,Tarsus.Length,Wing.Length,Kipps.Distance,Secondary1,Hand-Wing.Index,Tail.Length,Mass,Mass.Source,Inference,Habitat,Habitat.Density,Migration,Trophic.Level,Trophic.Niche,Primary.Lifestyle,LengthU_MEAN,WingU_MEAN,WingM_MEAN,WingF_MEAN,TailU_MEAN,TailM_MEAN,TailF_MEAN,BillU_MEAN,BillM_MEAN,BillF_MEAN,TarsusU_MEAN,TarsusM_MEAN,TarsusF_MEAN,WeightU_MEAN,WeightM_MEAN,WeightF_MEAN,Sexual dimorphism,Clutch_MIN,Clutch_MAX,Clutch_MEAN,Broods per year,EggL_MEAN,EggW_MEAN,Egg_MASS,Young,Association during nesting,Nest type,Nest building,Mating system,Incubation period,Incubation sex,Hatching,Fledging period,Age of independence,Feeding independence,Age of first breeding,Life span,Association outside the breeding season,Territoriality,Sedentary,Facultative migrant,Short distance migrant,Long distance migrant,Deciduous forest,Coniferous forest,Woodland,Shrub,Savanna,Tundra,Grassland,Mountain meadows,Reed,Swamps,Desert,Freshwater,Marine,Rocks,Human settlements,Folivore_Y,Frugivore_Y,Granivore_Y,Arthropods_Y,Other invertebrates_Y,Fish_Y,Other vertebrates_Y,Carrion_Y,Omnivore_Y,Folivore_B,Frugivore_B,Granivore_B,Arthropods_B,Other invertebrates_B,Fish_B,Other vertebrates_B,Carrion_B,Omnivore_B
accipiter gentilis,33.7,19.6,11.6,18.0,67.3,337.6,122.6,215.0,36.3,241.1,866.04,0,0,0,1,2.0,0,5,1,55.0,332.5,312.0,353.0,239.5,223.0,256.0,23.5,22.0,25.0,79.2,74.4,84.0,931.5,717.0,1146.0,1.0,1.0,6.0,3.5,1.0,59.0,45.0,52.0,2,3,5,1,0,37.0,2,1,39.0,70.0,70.0,3.0,22.0,4,1.0,1.0,0.0,1.0,0.0,0.0,1.0,0.0,0.0,0.0,0.0,0.0,0.0,0.0,0.0,0.0,0.0,0.0,0.0,0.0,0.0,0.0,0.0,0.0,0.0,0.0,1.0,0.0,0.0,0.0,0.0,0.0,0.0,0.0,0.0,1.0,0.0,0.0
buteo buteo,35.9,22.1,12.6,16.6,75.8,382.9,147.2,236.9,38.3,214.4,759.1,0,0,1,3,2.0,0,5,2,54.0,392.5,387.0,398.0,211.5,208.0,215.0,22.3,21.6,23.0,75.75,75.0,76.5,806.5,732.0,881.0,0.0,2.0,4.0,3.0,1.0,55.0,44.0,53.0,2,3,5,1,0,33.0,1,1,53.0,100.0,100.0,3.0,29.0,4,1.0,1.0,0.0,1.0,0.0,1.0,1.0,1.0,0.0,0.0,0.0,0.0,0.0,0.0,0.0,0.0,0.0,0.0,0.0,0.0,0.0,0.0,0.0,1.0,1.0,0.0,1.0,0.0,0.0,0.0,0.0,0.0,0.0,0.0,0.0,1.0,0.0,0.0
milvus migrans,40.0,22.4,13.0,17.4,51.4,457.4,219.9,237.5,48.1,269.5,734.1,0,0,6,3,3.0,2,4,0,57.5,455.5,447.0,464.0,262.0,256.0,268.0,26.05,25.1,27.0,55.55,55.2,55.9,828.5,807.0,850.0,0.0,1.0,5.0,2.5,1.0,54.0,43.0,56.0,2,3,5,3,0,32.0,2,1,42.0,87.0,87.0,3.0,24.0,0,0.0,0.0,0.0,0.0,1.0,1.0,1.0,0.0,0.0,0.0,0.0,1.0,0.0,0.0,1.0,0.0,1.0,0.0,0.0,1.0,0.0,0.0,0.0,1.0,0.0,1.0,1.0,1.0,0.0,0.0,0.0,0.0,0.0,0.0,1.0,1.0,1.0,0.0
milvus milvus,40.2,26.6,13.2,18.7,52.9,481.5,241.6,241.6,49.9,317.3,1071.77,0,0,4,2,2.0,2,4,1,63.0,496.5,490.0,503.0,335.0,327.0,343.0,27.55,27.4,27.7,53.0,53.2,52.8,1015.5,912.0,1119.0,0.0,1.0,5.0,2.0,1.0,57.0,45.0,63.0,2,3,5,1,0,32.0,2,1,50.0,71.0,71.0,2.0,26.0,4,0.0,0.0,0.0,1.0,0.0,1.0,0.0,1.0,0.0,1.0,0.0,1.0,0.0,0.0,0.0,0.0,0.0,0.0,0.0,0.0,0.0,0.0,0.0,1.0,0.0,1.0,1.0,1.0,0.0,0.0,0.0,0.0,0.0,0.0,1.0,1.0,1.0,0.0
pernis apivorus,34.8,19.1,11.7,13.7,43.9,407.4,154.2,253.0,37.9,253.2,754.37,0,0,0,1,3.0,0,3,2,56.0,409.5,404.0,415.0,255.0,251.0,259.0,20.9,20.5,21.3,52.75,51.9,53.6,899.0,836.0,962.0,0.0,1.0,3.0,2.0,1.0,52.0,41.0,49.0,2,3,5,2,0,33.0,1,1,42.0,88.0,88.0,2.0,29.0,6,1.0,0.0,0.0,0.0,1.0,1.0,1.0,1.0,0.0,0.0,0.0,0.0,0.0,0.0,0.0,0.0,0.0,0.0,0.0,0.0,0.0,0.0,0.0,1.0,0.0,0.0,1.0,0.0,0.0,0.0,0.0,0.0,1.0,0.0,0.0,1.0,0.0,0.0
anser anser,61.2,31.8,22.5,21.6,76.2,435.7,204.7,229.4,47.2,136.1,3302.41,0,0,5,3,3.0,1,2,3,82.5,453.5,465.0,442.0,134.0,139.0,129.0,64.05,66.6,61.5,81.75,84.7,78.8,3347.0,3578.0,3116.0,0.0,3.0,12.0,5.0,1.0,85.5,58.0,156.0,1,4,2,2,0,28.0,2,3,58.0,0.0,0.0,3.0,23.0,0,1.0,0.0,0.0,1.0,0.0,0.0,0.0,0.0,0.0,0.0,1.0,1.0,0.0,0.0,1.0,0.0,1.0,0.0,0.0,0.0,1.0,0.0,0.0,0.0,0.0,0.0,0.0,0.0,0.0,1.0,0.0,0.0,0.0,0.0,0.0,0.0,0.0,0.0
vanellus vanellus,28.1,14.9,4.6,5.5,48.3,222.5,89.1,132.9,40.2,103.2,218.37,0,0,5,3,2.0,0,4,3,107.5,570.0,580.0,560.0,227.0,227.0,227.0,162.5,170.0,155.0,220.0,220.0,220.0,3245.5,3341.0,3150.0,0.0,1.0,7.0,4.0,1.0,73.0,52.0,111.0,2,4,5,1,0,34.0,1,1,61.0,75.0,75.0,4.0,39.0,0,1.0,0.0,0.0,0.0,1.0,0.0,0.0,0.0,1.0,0.0,0.0,1.0,0.0,0.0,1.0,0.0,1.0,0.0,0.0,0.0,0.0,0.0,0.0,1.0,1.0,1.0,1.0,0.0,0.0,0.0,0.0,0.0,1.0,0.0,0.0,1.0,0.0,0.0
gallinago gallinago,69.7,56.9,4.6,6.0,30.0,127.9,56.6,71.3,44.3,54.0,112.94,0,0,5,3,3.0,0,0,3,33.0,219.0,222.0,216.0,116.0,118.0,114.0,19.35,19.6,19.1,29.4,29.6,29.2,292.0,304.0,280.0,0.0,1.0,2.0,2.0,3.0,38.0,29.0,17.0,2,5,4,1,0,17.0,1,1,29.0,38.0,38.0,1.0,13.0,0,0.0,1.0,0.0,1.0,0.0,1.0,1.0,1.0,0.0,0.0,0.0,0.0,0.0,0.0,0.0,0.0,0.0,0.0,0.0,0.0,1.0,0.0,1.0,0.0,0.0,0.0,0.0,0.0,0.0,1.0,0.0,1.0,0.0,0.0,0.0,0.0,0.0,0.0
scolopax rusticola,76.7,60.9,6.5,10.0,34.2,192.4,75.1,115.6,39.4,84.8,308.31,0,0,0,3,3.0,0,4,3,41.0,251.0,252.0,250.0,162.5,165.0,160.0,21.25,21.4,21.1,32.75,32.8,32.7,496.5,497.0,496.0,0.0,1.0,3.0,1.5,2.0,41.0,29.0,19.0,2,3,5,1,0,17.0,1,3,29.0,36.0,36.0,1.0,18.0,0,1.0,0.0,0.0,1.0,0.0,1.0,1.0,1.0,0.0,0.0,0.0,0.0,0.0,0.0,0.0,0.0,0.0,0.0,0.0,1.0,1.0,1.0,1.0,0.0,0.0,0.0,0.0,0.0,0.0,1.0,1.0,1.0,0.0,0.0,0.0,0.0,0.0,0.0
ciconia ciconia,189.1,153.4,23.5,33.1,217.2,565.6,260.2,306.8,45.9,249.8,3445.8,0,0,1,3,3.0,0,4,3,27.0,175.5,179.0,172.0,114.5,116.0,113.0,16.4,16.8,16.0,23.25,23.6,22.9,144.0,144.0,144.0,0.0,1.0,2.0,1.5,2.5,29.0,22.0,8.0,2,3,5,1,0,14.0,1,3,22.0,28.0,28.0,1.0,13.0,3,0.0,0.0,0.0,0.0,1.0,0.0,0.0,1.0,0.0,0.0,0.0,0.0,0.0,0.0,0.0,0.0,0.0,0.0,0.0,0.0,0.0,1.0,1.0,0.0,0.0,0.0,0.0,0.0,0.0,0.0,1.0,1.0,0.0,0.0,0.0,0.0,0.0,0.0
columba oenas,23.2,11.8,6.8,7.8,26.4,214.8,91.6,124.2,42.5,119.4,290.79,0,0,6,3,1.0,1,4,3,33.0,221.5,226.0,217.0,174.5,178.0,171.0,27.5,28.0,27.0,22.5,22.8,22.2,111.0,116.0,106.0,0.0,1.0,25.0,9.2,0.0,22.0,17.0,3.4,0,0,0,0,5,12.0,0,0,19.0,31.0,31.0,2.0,13.0,4,1.0,0.0,0.0,0.0,1.0,1.0,1.0,1.0,1.0,0.0,0.0,1.0,0.0,1.0,1.0,0.0,0.0,0.0,0.0,0.0,0.0,0.0,0.0,1.0,1.0,0.0,0.0,0.0,0.0,0.0,0.0,0.0,1.0,1.0,0.0,0.0,0.0,0.0
columba palumbus,27.8,13.1,8.0,7.8,31.5,246.4,101.4,145.0,41.2,153.2,490.0,0,0,6,2,1.0,1,4,3,33.5,251.0,246.0,256.0,167.0,163.0,171.0,14.5,14.0,15.0,40.0,40.0,40.0,234.0,199.0,269.0,1.0,1.0,9.0,4.5,1.0,39.0,31.0,20.0,2,3,4,4,0,28.0,2,1,30.0,58.0,58.0,1.0,20.0,4,0.0,0.0,0.0,0.0,1.0,0.0,0.0,0.0,0.0,1.0,0.0,1.0,0.0,0.0,0.0,0.0,0.0,0.0,0.0,1.0,0.0,0.0,0.0,1.0,0.0,0.0,1.0,0.0,0.0,0.0,0.0,0.0,0.0,0.0,0.0,1.0,0.0,0.0
streptopelia turtur,22.4,8.1,4.7,4.9,22.3,170.7,75.1,97.5,43.5,109.7,132.0,0,0,6,2,3.0,1,1,3,17.0,112.0,111.0,113.0,37.75,36.5,39.0,8.95,8.9,9.0,26.3,26.0,26.6,104.6,93.5,115.7,1.0,7.0,18.0,10.5,1.0,30.0,23.0,8.0,1,3,2,2,3,19.0,2,3,19.0,60.0,60.0,1.0,15.0,5,1.0,0.0,0.0,0.0,1.0,0.0,0.0,0.0,0.0,0.0,0.0,1.0,0.0,0.0,0.0,0.0,0.0,0.0,0.0,0.0,0.0,0.0,1.0,1.0,0.0,0.0,0.0,0.0,1.0,0.0,0.0,1.0,1.0,0.0,0.0,0.0,0.0,1.0
cuculus canorus,26.0,15.4,7.6,7.6,21.4,192.0,84.6,105.9,43.9,158.1,111.36,0,0,0,2,3.0,0,3,2,71.0,235.0,247.0,223.0,383.0,466.0,300.0,40.7,40.7,40.7,71.7,71.7,71.7,1134.0,1317.0,951.0,1.0,2.0,18.0,11.5,1.0,45.0,36.0,33.0,1,3,2,2,1,26.0,2,3,11.0,75.0,75.0,1.0,8.0,0,1.0,1.0,0.0,0.0,0.0,0.0,0.0,1.0,0.0,0.0,0.0,1.0,0.0,0.0,0.0,0.0,0.0,0.0,0.0,0.0,1.0,1.0,1.0,1.0,1.0,0.0,0.0,0.0,1.0,0.0,1.0,1.0,0.0,1.0,0.0,0.0,0.0,1.0
falco tinnunculus,20.8,14.1,10.6,11.5,39.1,241.0,123.2,118.4,51.0,154.5,183.21,0,0,4,3,3.0,0,5,0,115.0,575.0,593.0,557.0,205.0,210.0,200.0,105.5,109.0,102.0,248.0,258.0,238.0,6055.0,6055.0,6055.0,0.0,1.0,3.0,2.0,1.0,94.0,62.0,183.0,1,3,2,1,0,30.0,1,1,68.0,0.0,0.0,4.0,20.0,0,1.0,0.0,0.0,1.0,0.0,0.0,0.0,0.0,0.0,0.0,0.0,0.0,0.0,1.0,1.0,0.0,1.0,0.0,0.0,0.0,1.0,1.0,1.0,1.0,1.0,0.0,0.0,0.0,0.0,1.0,1.0,1.0,1.0,1.0,0.0,0.0,0.0,0.0
coturnix coturnix,15.6,7.7,5.5,5.2,24.5,106.2,43.2,62.4,41.0,38.3,96.28,0,0,2,3,3.0,1,1,3,29.5,226.5,229.0,224.0,103.5,106.0,101.0,24.0,24.1,23.9,47.2,47.4,47.0,218.5,211.0,226.0,0.0,2.0,5.0,4.0,1.0,47.0,33.0,26.0,1,6,2,1,1,28.0,1,3,38.0,40.0,40.0,2.0,25.0,0,1.0,0.0,0.0,1.0,0.0,0.0,0.0,0.0,0.0,0.0,0.0,1.0,0.0,0.0,0.0,0.0,0.0,0.0,0.0,0.0,0.0,0.0,0.0,1.0,1.0,0.0,0.0,0.0,0.0,0.0,0.0,0.0,1.0,1.0,0.0,0.0,0.0,0.0
phasianus colchicus,35.4,22.0,12.9,11.4,63.3,237.7,61.3,175.8,25.8,449.8,1120.31,0,0,2,2,1.0,1,4,3,26.0,134.0,134.0,134.0,58.0,58.0,58.0,67.55,66.6,68.5,32.6,32.4,32.8,120.0,120.0,120.0,0.0,2.0,5.0,4.0,1.0,39.0,29.0,17.0,1,3,3,2,4,19.0,2,3,20.0,20.0,20.0,2.0,16.0,0,1.0,0.0,0.0,1.0,1.0,0.0,0.0,0.0,0.0,0.0,1.0,0.0,0.0,0.0,1.0,0.0,1.0,0.0,0.0,0.0,0.0,0.0,0.0,1.0,1.0,0.0,0.0,0.0,0.0,0.0,0.0,0.0,1.0,1.0,0.0,0.0,0.0,0.0
grus grus,108.1,58.1,10.7,16.8,234.4,540.6,225.5,300.2,43.0,193.4,5499.99,0,0,5,3,3.0,1,4,3,34.0,197.0,198.0,196.0,83.5,85.0,82.0,72.6,71.5,73.7,36.15,35.7,36.6,312.0,301.0,323.0,0.0,2.0,5.0,4.0,1.0,44.0,34.0,24.5,1,3,2,2,3,22.0,2,3,18.0,39.0,39.0,2.0,16.0,4,0.0,0.0,0.0,1.0,0.0,1.0,1.0,1.0,0.0,0.0,0.0,0.0,0.0,0.0,1.0,0.0,0.0,0.0,0.0,0.0,1.0,0.0,1.0,1.0,1.0,0.0,0.0,0.0,0.0,0.0,0.0,0.0,1.0,1.0,0.0,0.0,0.0,0.0
acrocephalus palustris,16.1,8.2,3.3,3.3,21.3,68.6,19.2,49.6,27.9,56.5,11.5,0,0,4,3,3.0,0,3,2,13.0,68.85,69.6,68.1,51.75,51.8,51.7,15.95,16.0,15.9,22.7,23.0,22.4,12.0,12.6,11.4,0.0,3.0,6.0,4.0,1.0,18.9,13.8,1.85,0,3,5,2,1,13.0,1,3,11.0,30.0,30.0,1.0,9.0,4,1.0,0.0,0.0,0.0,1.0,0.0,0.0,1.0,1.0,0.0,0.0,0.0,0.0,0.0,0.0,0.0,0.0,0.0,0.0,0.0,0.0,0.0,0.0,1.0,1.0,0.0,0.0,0.0,0.0,0.0,0.0,0.0,1.0,1.0,0.0,0.0,0.0,0.0
acrocephalus scirpaceus,18.2,8.7,3.2,2.9,21.3,65.3,16.0,49.5,24.3,51.1,12.3,0,0,5,3,3.0,0,3,2,13.0,66.4,66.8,66.0,51.1,51.3,50.9,17.05,17.2,16.9,22.95,23.1,22.8,11.8,11.8,11.8,0.0,2.0,7.0,4.0,1.0,18.4,13.6,1.75,0,3,5,2,0,11.0,1,3,11.0,23.0,23.0,1.0,14.0,4,1.0,0.0,0.0,0.0,1.0,0.0,0.0,0.0,0.0,0.0,0.0,0.0,0.0,1.0,0.0,0.0,1.0,0.0,0.0,0.0,0.0,0.0,0.0,1.0,1.0,0.0,0.0,0.0,0.0,0.0,0.0,0.0,1.0,1.0,0.0,0.0,0.0,0.0
hippolais icterina,17.5,9.1,3.8,3.4,20.6,77.9,24.0,53.8,30.8,54.6,13.2,0,0,6,1,3.0,0,3,2,13.5,78.45,78.9,78.0,51.7,51.8,51.6,16.55,16.6,16.5,20.85,21.1,20.6,13.3,13.4,13.2,0.0,2.0,7.0,4.5,1.0,18.4,13.6,1.73,0,3,5,2,0,14.0,2,3,14.0,24.0,24.0,1.0,11.0,4,1.0,0.0,0.0,0.0,1.0,1.0,0.0,1.0,1.0,0.0,0.0,0.0,0.0,0.0,0.0,0.0,0.0,0.0,0.0,0.0,0.0,0.0,0.0,1.0,0.0,0.0,0.0,0.0,0.0,0.0,0.0,0.0,1.0,0.0,0.0,0.0,0.0,0.0
aegithalos caudatus,7.6,4.2,2.5,3.3,15.9,63.1,14.0,49.5,22.0,87.8,8.6,0,0,0,2,1.0,0,3,2,14.0,60.0,60.6,59.4,79.75,80.4,79.1,7.475,7.55,7.4,16.6,16.7,16.5,8.5,8.5,8.5,0.0,6.0,15.0,10.0,1.0,14.0,10.9,0.9,0,6,1,1,0,16.0,2,3,16.0,0.0,30.0,1.0,11.0,0,0.0,1.0,0.0,0.0,0.0,1.0,0.0,1.0,1.0,0.0,0.0,0.0,0.0,0.0,0.0,0.0,0.0,0.0,0.0,0.0,0.0,0.0,0.0,1.0,1.0,0.0,0.0,0.0,0.0,0.0,0.0,0.0,1.0,1.0,0.0,0.0,0.0,0.0
alauda arvensis,14.6,8.8,4.4,4.7,23.6,106.7,36.0,70.8,33.6,67.6,37.31,0,0,1,3,2.0,2,4,3,18.5,109.75,114.5,105.0,63.85,66.2,61.5,15.2,15.6,14.8,24.45,24.9,24.0,38.5,42.0,35.0,0.0,3.0,7.0,4.0,3.0,23.4,16.8,3.35,0,3,2,2,0,11.0,2,3,19.0,30.0,30.0,1.0,10.0,1,1.0,1.0,0.0,1.0,0.0,0.0,0.0,0.0,0.0,0.0,0.0,1.0,1.0,0.0,0.0,0.0,0.0,0.0,0.0,0.0,0.0,0.0,1.0,1.0,1.0,0.0,0.0,0.0,0.0,0.0,0.0,1.0,1.0,1.0,0.0,0.0,0.0,0.0
lullula arborea,14.4,8.2,3.4,3.8,21.4,94.2,26.1,68.0,27.7,52.7,26.9,0,0,6,3,2.0,2,4,3,15.0,94.35,96.4,92.3,49.2,51.0,47.4,14.6,14.6,14.6,21.6,21.7,21.5,26.5,26.0,27.0,0.0,2.0,6.0,4.0,2.0,21.2,15.9,3.4,0,3,3,2,0,14.0,2,3,12.0,0.0,0.0,1.0,5.0,0,1.0,1.0,0.0,1.0,0.0,0.0,0.0,1.0,1.0,0.0,0.0,1.0,0.0,0.0,0.0,0.0,0.0,0.0,0.0,0.0,0.0,0.0,1.0,1.0,1.0,0.0,0.0,0.0,0.0,0.0,0.0,0.0,1.0,1.0,0.0,0.0,0.0,0.0
certhia brachydactyla,18.7,11.1,2.0,2.5,14.9,62.1,11.0,51.2,17.7,57.1,8.2,0,0,0,1,1.0,0,3,2,12.5,62.4,63.3,61.5,59.55,59.0,60.1,17.65,18.5,16.8,15.5,15.7,15.3,9.05,9.3,8.8,0.0,4.0,7.0,6.5,2.0,16.0,12.3,1.15,0,3,4,1,0,14.0,2,3,17.0,29.0,29.0,1.0,6.0,4,1.0,1.0,0.0,0.0,0.0,1.0,1.0,1.0,0.0,0.0,0.0,0.0,0.0,0.0,0.0,0.0,0.0,0.0,0.0,0.0,0.0,0.0,0.0,1.0,1.0,0.0,0.0,0.0,0.0,0.0,0.0,0.0,1.0,1.0,0.0,0.0,0.0,0.0
certhia familiaris,18.1,12.2,2.0,2.6,14.6,64.5,12.4,52.2,19.2,60.3,9.0,0,0,0,1,1.0,2,3,2,12.5,63.45,64.7,62.2,59.85,60.7,59.0,16.55,17.3,15.8,15.3,15.3,15.3,9.1,9.1,9.1,0.0,3.0,9.0,5.5,1.5,15.9,12.05,1.14,0,3,4,1,0,15.0,2,3,15.0,29.0,29.0,1.0,8.0,4,1.0,1.0,0.0,0.0,0.0,1.0,1.0,0.0,0.0,0.0,0.0,0.0,0.0,0.0,0.0,0.0,0.0,0.0,0.0,0.0,0.0,0.0,1.0,1.0,1.0,0.0,0.0,0.0,0.0,0.0,0.0,0.0,1.0,1.0,0.0,0.0,0.0,0.0
corvus corax,77.0,49.2,21.9,27.9,67.1,419.7,167.2,252.7,39.8,228.7,927.97,0,0,0,3,2.0,2,4,3,64.0,421.4,430.4,412.4,228.55,230.0,227.1,76.3,78.1,74.5,69.65,70.7,68.6,1217.5,1319.0,1116.0,0.0,2.0,7.0,5.0,1.0,49.7,33.9,29.6,0,3,5,1,0,21.0,2,1,45.0,69.0,69.0,3.0,23.0,7,1.0,1.0,0.0,0.0,0.0,1.0,1.0,0.0,0.0,0.0,0.0,0.0,0.0,0.0,0.0,0.0,0.0,0.0,1.0,0.0,0.0,1.0,1.0,1.0,1.0,0.0,1.0,1.0,1.0,0.0,1.0,1.0,1.0,1.0,0.0,1.0,1.0,1.0
corvus corone,55.0,35.9,15.1,18.5,59.4,323.9,119.6,204.6,36.9,179.6,570.0,0,0,2,3,1.0,0,4,3,46.0,323.9,330.4,317.4,184.15,188.4,179.9,55.6,58.05,53.15,59.725,62.0,57.45,526.85,556.0,497.7,0.0,2.0,7.0,4.5,1.0,42.5,29.5,19.1,0,5,5,1,0,19.0,2,1,32.0,64.0,62.0,2.0,19.0,7,1.0,1.0,0.0,0.0,0.0,0.0,0.0,1.0,0.0,0.0,0.0,0.0,0.0,0.0,0.0,0.0,0.0,0.0,0.0,1.0,0.0,0.0,1.0,1.0,1.0,0.0,1.0,1.0,1.0,0.0,0.0,1.0,1.0,1.0,0.0,1.0,1.0,1.0
corvus monedula,35.2,21.4,11.2,13.3,43.3,231.1,90.5,141.3,39.1,122.4,246.0,0,0,2,3,2.0,2,4,3,33.5,234.95,239.2,230.7,127.2,130.1,124.3,35.4,36.3,34.5,45.2,46.2,44.2,236.0,242.7,229.3,0.0,2.0,8.0,5.0,1.0,35.0,25.0,11.3,0,1,4,1,0,18.0,2,2,33.0,68.0,64.5,2.0,20.0,0,1.0,1.0,0.0,0.0,0.0,0.0,0.0,1.0,0.0,0.0,0.0,0.0,0.0,0.0,0.0,0.0,0.0,0.0,0.0,1.0,0.0,1.0,1.0,1.0,1.0,0.0,0.0,1.0,1.0,0.0,1.0,1.0,1.0,1.0,0.0,0.0,1.0,1.0
garrulus glandarius,33.0,19.9,9.0,11.6,39.1,181.1,35.4,147.3,19.4,150.2,159.46,0,0,0,1,2.0,2,4,2,34.5,182.1,184.4,179.8,145.35,148.0,142.7,33.4,33.8,33.0,43.1,43.5,42.7,164.4,167.4,161.4,0.0,3.0,10.0,6.0,1.0,31.8,23.2,8.74,0,3,5,1,0,17.0,2,1,26.0,53.0,51.0,2.0,17.0,2,1.0,1.0,0.0,0.0,0.0,1.0,1.0,0.0,0.0,0.0,0.0,0.0,0.0,0.0,0.0,0.0,0.0,0.0,0.0,0.0,0.0,1.0,1.0,1.0,1.0,0.0,0.0,0.0,0.0,0.0,1.0,1.0,1.0,1.0,0.0,0.0,0.0,0.0
pica pica,40.8,26.1,12.4,13.7,49.1,194.5,44.6,149.9,22.9,237.4,217.48,0,0,2,3,1.0,2,4,3,45.0,194.65,200.4,188.9,248.95,257.4,240.5,39.1,40.4,37.8,50.45,51.7,49.2,228.0,236.0,220.0,0.0,3.0,10.0,6.0,1.0,33.7,24.1,10.1,0,3,1,1,4,22.0,2,1,27.0,75.0,75.0,2.0,22.0,5,1.0,1.0,0.0,0.0,0.0,1.0,1.0,1.0,0.0,0.0,0.0,0.0,0.0,0.0,0.0,0.0,0.0,0.0,0.0,1.0,0.0,1.0,1.0,1.0,1.0,0.0,0.0,1.0,1.0,0.0,1.0,1.0,1.0,1.0,0.0,0.0,1.0,1.0
emberiza calandra,16.2,9.6,6.0,8.2,24.4,97.2,25.7,71.3,26.5,70.5,48.5,0,0,1,3,2.0,1,4,3,18.0,97.1,101.4,92.8,66.25,69.7,62.8,16.05,16.5,15.6,25.0,25.3,24.7,47.15,54.0,40.3,0.0,1.0,7.0,5.0,1.5,24.1,17.6,3.91,0,3,3,2,1,13.0,2,3,12.0,25.0,25.0,1.0,11.0,0,1.0,1.0,0.0,0.0,0.0,0.0,0.0,0.0,0.0,0.0,0.0,1.0,0.0,0.0,0.0,0.0,0.0,0.0,0.0,0.0,0.0,0.0,1.0,1.0,1.0,0.0,0.0,0.0,0.0,0.0,0.0,1.0,1.0,1.0,0.0,0.0,0.0,0.0
emberiza citrinella,13.4,8.0,4.7,5.9,19.1,88.2,22.6,65.5,25.7,72.8,29.7,0,0,4,3,2.0,1,1,3,16.25,87.05,89.1,85.0,68.85,70.6,67.1,14.0,14.2,13.8,19.4,19.5,19.3,26.75,26.7,26.8,1.0,2.0,6.0,4.0,2.0,21.4,16.4,2.93,0,3,3,2,0,13.0,2,3,12.0,23.0,23.0,1.0,13.0,0,1.0,1.0,0.0,1.0,0.0,0.0,0.0,1.0,1.0,0.0,0.0,1.0,0.0,0.0,0.0,0.0,0.0,0.0,0.0,0.0,0.0,0.0,1.0,1.0,1.0,0.0,0.0,0.0,0.0,0.0,0.0,1.0,1.0,1.0,0.0,0.0,0.0,0.0
carduelis carduelis,15.4,11.2,5.5,7.2,14.7,77.4,25.8,51.6,33.4,48.6,16.0,0,0,6,2,1.0,1,1,2,12.0,76.95,78.4,75.5,46.5,47.2,45.8,15.5,15.9,15.1,14.45,14.6,14.3,15.45,15.4,15.5,0.0,3.0,7.0,5.0,2.0,17.0,12.8,1.46,0,5,5,2,0,12.0,2,1,15.0,25.0,24.5,1.0,14.0,0,1.0,1.0,0.0,0.0,0.0,1.0,0.0,1.0,0.0,0.0,0.0,0.0,0.0,0.0,0.0,0.0,0.0,0.0,0.0,1.0,0.0,0.0,1.0,0.0,0.0,0.0,0.0,0.0,0.0,0.0,0.0,1.0,0.0,0.0,0.0,0.0,0.0,0.0
chloris chloris,14.4,11.0,7.6,8.8,17.3,85.3,27.8,57.4,32.5,55.7,26.0,0,0,6,2,1.0,1,1,1,18.0,102.5,103.6,101.4,56.35,57.2,55.5,24.85,25.3,24.4,21.15,21.4,20.9,57.9,58.8,57.0,1.0,2.0,7.0,4.5,1.0,24.1,17.5,3.89,0,4,5,2,0,12.0,2,1,13.0,30.0,30.0,1.0,13.0,0,1.0,1.0,0.0,1.0,0.0,1.0,0.0,0.0,0.0,0.0,0.0,0.0,0.0,0.0,0.0,0.0,0.0,0.0,0.0,0.0,1.0,0.0,1.0,1.0,1.0,0.0,0.0,0.0,0.0,1.0,0.0,1.0,0.0,0.0,0.0,0.0,0.0,0.0
coccothraustes coccothraustes,23.0,16.6,12.0,15.0,21.0,102.0,33.6,68.6,32.9,57.2,56.63,0,0,0,1,2.0,1,4,2,14.5,86.75,89.5,84.0,62.15,64.5,59.8,15.0,15.0,15.0,17.8,18.0,17.6,22.15,23.5,20.8,1.0,3.0,6.0,4.5,1.0,19.6,14.7,2.2,0,3,5,2,0,13.0,2,3,14.0,35.0,35.0,1.0,16.0,0,1.0,1.0,0.0,1.0,0.0,1.0,1.0,0.0,0.0,0.0,0.0,0.0,0.0,0.0,0.0,0.0,0.0,0.0,0.0,1.0,0.0,0.0,1.0,1.0,1.0,0.0,0.0,0.0,0.0,0.0,0.0,1.0,1.0,1.0,0.0,0.0,0.0,0.0
fringilla coelebs,14.7,9.8,5.5,6.7,17.8,85.9,23.7,62.2,27.6,65.9,23.81,0,0,0,2,2.0,2,3,1,14.0,90.25,93.2,87.3,64.15,66.3,62.0,15.5,15.6,15.4,18.7,18.8,18.6,22.9,22.6,23.2,1.0,3.0,8.0,6.0,1.0,19.4,14.5,2.14,0,6,5,2,0,12.0,2,3,14.0,35.0,35.0,1.0,15.0,0,1.0,0.0,0.0,1.0,0.0,1.0,1.0,0.0,0.0,0.0,0.0,0.0,0.0,0.0,0.0,0.0,0.0,0.0,0.0,0.0,0.0,1.0,1.0,1.0,1.0,0.0,0.0,0.0,0.0,0.0,1.0,1.0,1.0,1.0,0.0,0.0,0.0,0.0
fringilla montifringilla,14.4,9.5,5.9,7.4,19.0,89.3,29.0,60.3,32.5,61.7,23.19,0,0,0,1,3.0,1,4,1,15.0,87.05,88.3,85.8,56.4,57.2,55.6,16.65,16.7,16.6,17.6,17.7,17.5,26.25,25.8,26.7,1.0,2.0,7.0,5.0,2.0,20.1,14.6,2.2,0,3,5,2,1,13.0,2,3,14.0,28.0,28.0,1.0,14.0,0,0.0,1.0,0.0,0.0,0.0,1.0,1.0,1.0,1.0,0.0,0.0,0.0,0.0,0.0,0.0,0.0,0.0,0.0,0.0,1.0,0.0,0.0,1.0,0.0,0.0,0.0,0.0,0.0,0.0,0.0,0.0,1.0,0.0,0.0,0.0,0.0,0.0,0.0
linaria cannabina,12.4,7.8,5.0,6.6,15.7,78.4,26.9,51.2,34.4,56.2,19.53,0,0,4,2,1.0,1,1,3,13.5,77.85,79.0,76.7,51.35,51.6,51.1,12.8,12.9,12.7,15.75,15.9,15.6,19.25,19.6,18.9,1.0,3.0,7.0,5.0,2.5,18.0,13.3,1.66,0,5,5,2,0,12.0,2,1,14.0,28.0,28.0,1.0,9.0,0,1.0,1.0,0.0,1.0,0.0,0.0,0.0,1.0,1.0,0.0,0.0,0.0,1.0,0.0,0.0,0.0,0.0,0.0,0.0,0.0,0.0,0.0,1.0,0.0,0.0,0.0,0.0,0.0,0.0,0.0,0.0,1.0,0.0,0.0,0.0,0.0,0.0,0.0
loxia curvirostra,19.0,16.1,6.8,11.4,16.6,96.0,36.0,59.6,37.6,57.3,38.29,0,0,0,1,2.0,1,1,2,16.5,97.25,98.3,96.2,57.8,58.4,57.2,22.6,22.9,22.3,18.0,18.0,18.0,41.7,41.2,42.2,1.0,2.0,5.0,4.0,2.0,21.9,15.9,2.95,0,3,5,2,0,15.0,2,1,23.0,58.0,58.0,1.0,14.0,0,1.0,1.0,0.0,0.0,0.0,0.0,1.0,0.0,0.0,0.0,0.0,0.0,0.0,0.0,0.0,0.0,0.0,0.0,0.0,0.0,0.0,0.0,1.0,0.0,0.0,0.0,0.0,0.0,0.0,0.0,0.0,1.0,0.0,0.0,0.0,0.0,0.0,0.0
pyrrhula pyrrhula,13.1,8.6,8.2,9.0,18.0,88.6,22.1,66.7,24.9,68.3,24.26,0,0,0,2,1.0,1,4,2,16.0,83.5,84.4,82.6,64.55,65.1,64.0,13.9,13.9,13.9,16.95,17.0,16.9,31.0,31.0,31.0,1.0,3.0,7.0,4.5,2.0,19.9,14.6,2.22,0,3,5,2,0,13.0,2,1,15.0,33.0,33.0,1.0,13.0,7,0.0,1.0,0.0,1.0,0.0,1.0,1.0,0.0,0.0,0.0,0.0,0.0,0.0,0.0,0.0,0.0,0.0,0.0,0.0,0.0,1.0,1.0,1.0,0.0,0.0,0.0,0.0,0.0,0.0,1.0,1.0,1.0,0.0,0.0,0.0,0.0,0.0,0.0
spinus spinus,12.8,8.3,4.5,6.1,12.7,71.6,26.1,45.5,36.5,46.4,13.24,0,0,0,1,1.0,1,1,2,12.0,72.8,73.7,71.9,46.6,47.0,46.2,12.95,13.0,12.9,13.75,13.7,13.8,13.8,14.2,13.4,1.0,3.0,6.0,4.0,2.0,16.4,12.2,1.29,0,3,5,2,0,13.0,2,3,14.0,27.0,26.5,1.0,14.0,0,1.0,0.0,0.0,1.0,0.0,1.0,1.0,0.0,0.0,0.0,0.0,0.0,0.0,0.0,0.0,0.0,0.0,0.0,0.0,0.0,0.0,0.0,1.0,0.0,0.0,0.0,0.0,0.0,0.0,0.0,0.0,1.0,0.0,0.0,0.0,0.0,0.0,0.0
lanius collurio,18.7,10.6,5.6,7.0,23.8,93.7,29.0,64.6,31.0,75.9,28.44,0,0,6,3,3.0,0,3,2,17.0,93.05,93.4,92.7,74.3,75.5,73.1,18.35,18.5,18.2,23.8,24.0,23.6,31.2,28.9,33.5,1.0,3.0,9.0,5.0,1.0,22.3,16.7,3.15,0,3,5,1,0,14.0,2,1,15.0,37.0,31.5,1.0,10.0,4,1.0,0.0,0.0,0.0,1.0,0.0,0.0,0.0,1.0,0.0,0.0,0.0,0.0,0.0,0.0,0.0,0.0,0.0,0.0,0.0,0.0,0.0,0.0,1.0,0.0,0.0,0.0,0.0,0.0,0.0,0.0,0.0,1.0,0.0,0.0,0.0,0.0,0.0
locustella naevia,14.7,7.3,2.6,2.9,20.0,64.1,16.3,47.9,25.4,56.5,13.3,0,0,4,2,3.0,0,3,1,12.5,64.1,64.6,63.6,53.3,55.0,51.6,14.3,14.4,14.2,20.25,20.4,20.1,12.9,12.9,12.9,0.0,3.0,7.0,5.5,2.0,17.8,13.6,1.73,0,3,3,1,0,13.0,1,3,11.0,28.0,28.0,1.0,6.0,4,1.0,0.0,0.0,0.0,1.0,0.0,0.0,0.0,1.0,0.0,0.0,1.0,0.0,0.0,1.0,0.0,0.0,0.0,0.0,0.0,0.0,0.0,0.0,1.0,0.0,0.0,0.0,0.0,0.0,0.0,0.0,0.0,1.0,0.0,0.0,0.0,0.0,0.0
anthus pratensis,14.2,8.1,3.1,3.1,21.5,77.8,18.9,58.7,24.3,56.3,18.4,0,0,1,3,2.0,0,3,3,14.5,79.25,81.4,77.1,56.35,58.0,54.7,14.45,14.7,14.2,21.15,21.4,20.9,18.5,18.0,19.0,0.0,2.0,6.0,4.0,2.0,19.5,14.4,2.06,0,3,3,2,0,13.0,2,1,15.0,31.0,28.5,1.0,9.0,0,1.0,0.0,0.0,1.0,0.0,0.0,0.0,0.0,0.0,0.0,1.0,1.0,1.0,0.0,0.0,0.0,0.0,0.0,0.0,0.0,0.0,0.0,0.0,1.0,1.0,0.0,0.0,0.0,0.0,0.0,0.0,0.0,1.0,1.0,0.0,0.0,0.0,0.0
anthus trivialis,15.7,8.0,3.3,3.8,20.6,86.1,25.2,60.7,29.3,59.9,23.33,0,0,6,2,3.0,2,3,3,15.0,87.3,88.7,85.9,58.05,59.3,56.8,15.1,15.3,14.9,21.15,21.1,21.2,22.15,21.9,22.4,0.0,2.0,8.0,4.0,1.5,20.3,15.4,2.44,0,3,3,2,0,13.0,2,1,13.0,24.0,22.0,1.0,9.0,4,1.0,0.0,0.0,0.0,1.0,1.0,1.0,1.0,0.0,1.0,0.0,0.0,0.0,0.0,0.0,0.0,0.0,0.0,0.0,0.0,0.0,0.0,0.0,1.0,0.0,0.0,0.0,0.0,0.0,0.0,0.0,0.0,1.0,0.0,0.0,0.0,0.0,0.0
motacilla alba,16.1,9.7,3.4,3.5,23.4,87.0,27.4,59.7,31.4,86.8,23.93,0,0,2,3,3.0,0,3,3,18.0,89.9,91.8,88.0,83.3,85.0,81.6,15.95,16.1,15.8,23.5,23.8,23.2,20.5,20.6,20.4,1.0,3.0,8.0,5.5,2.0,20.4,15.2,2.33,0,3,4,1,0,13.0,1,3,14.0,29.0,24.5,1.0,14.0,1,1.0,1.0,0.0,1.0,0.0,0.0,0.0,0.0,0.0,0.0,0.0,1.0,0.0,0.0,0.0,0.0,1.0,0.0,0.0,1.0,0.0,0.0,0.0,1.0,1.0,0.0,0.0,0.0,0.0,0.0,0.0,0.0,1.0,1.0,0.0,0.0,0.0,0.0
motacilla flava,16.0,9.6,3.2,3.5,23.1,79.5,24.7,54.5,31.1,70.6,17.68,0,0,1,3,3.0,0,3,3,17.0,80.5,82.3,78.7,67.9,69.4,66.4,16.05,16.2,15.9,23.8,24.0,23.6,16.5,17.0,16.0,1.0,3.0,8.0,5.0,1.0,18.9,14.1,1.85,0,3,3,2,0,12.0,1,3,16.0,29.0,29.0,1.0,9.0,0,1.0,0.0,0.0,0.0,1.0,0.0,0.0,0.0,1.0,0.0,0.0,1.0,0.0,0.0,1.0,0.0,0.0,0.0,0.0,0.0,0.0,0.0,0.0,1.0,1.0,0.0,0.0,0.0,0.0,0.0,0.0,0.0,1.0,1.0,0.0,0.0,0.0,0.0
erithacus rubecula,14.0,7.0,2.9,3.3,24.5,71.6,14.2,57.3,19.9,56.9,17.7,0,0,0,1,3.0,0,4,1,14.0,72.05,73.2,70.9,56.05,56.9,55.2,14.5,14.5,14.5,25.7,25.8,25.6,17.55,16.6,18.5,0.0,2.0,8.0,5.0,2.0,19.6,15.0,2.4,0,3,4,2,0,14.0,2,3,13.0,33.0,33.0,1.0,19.0,4,1.0,1.0,0.0,1.0,0.0,1.0,1.0,1.0,1.0,0.0,0.0,0.0,0.0,0.0,0.0,0.0,0.0,0.0,0.0,0.0,0.0,1.0,1.0,1.0,1.0,0.0,0.0,0.0,0.0,0.0,0.0,0.0,1.0,1.0,0.0,0.0,0.0,0.0
ficedula hypoleuca,12.8,6.5,4.1,3.2,17.6,79.3,24.2,55.3,30.4,52.1,13.79,0,0,0,1,3.0,0,3,2,13.0,78.85,79.8,77.9,53.25,53.4,53.1,11.8,11.8,11.8,17.0,17.0,17.0,13.2,12.4,14.0,1.0,5.0,8.0,6.5,1.0,17.4,13.4,1.7,0,3,4,2,1,14.0,2,3,16.0,25.0,24.0,2.0,11.0,4,1.0,0.0,0.0,0.0,1.0,1.0,1.0,1.0,0.0,0.0,0.0,0.0,0.0,0.0,0.0,0.0,0.0,0.0,0.0,0.0,0.0,1.0,0.0,1.0,1.0,0.0,0.0,0.0,0.0,0.0,0.0,0.0,1.0,1.0,0.0,0.0,0.0,0.0
ficedula parva,12.8,6.5,3.5,2.9,15.4,67.0,17.0,50.1,25.3,52.8,10.8,0,0,6,1,3.0,0,3,2,11.5,67.55,68.7,66.4,50.95,51.8,50.1,12.1,12.1,12.1,16.8,16.6,17.0,9.9,9.9,9.9,1.0,4.0,7.0,5.5,1.0,16.6,12.9,1.45,0,3,4,2,0,13.0,2,3,13.0,21.0,21.0,1.0,12.0,4,1.0,0.0,0.0,0.0,1.0,1.0,1.0,0.0,0.0,0.0,0.0,0.0,0.0,0.0,0.0,0.0,0.0,0.0,0.0,0.0,0.0,0.0,0.0,1.0,1.0,0.0,0.0,0.0,0.0,0.0,0.0,0.0,1.0,1.0,0.0,0.0,0.0,0.0
luscinia megarhynchos,16.0,8.8,3.5,3.7,26.4,84.0,23.2,61.0,27.6,68.2,19.6,0,0,6,1,3.0,0,3,1,16.5,83.5,84.5,82.5,65.75,66.7,64.8,17.1,17.4,16.8,26.9,27.1,26.7,20.15,20.9,19.4,0.0,2.0,6.0,4.5,1.5,20.9,15.5,2.65,0,3,3,2,0,13.0,2,1,11.0,29.0,29.0,1.0,11.0,4,1.0,0.0,0.0,0.0,1.0,0.0,0.0,1.0,1.0,0.0,0.0,0.0,0.0,0.0,0.0,0.0,0.0,0.0,0.0,0.0,0.0,1.0,0.0,1.0,1.0,0.0,0.0,0.0,0.0,0.0,0.0,0.0,1.0,1.0,0.0,0.0,0.0,0.0
muscicapa striata,16.2,9.3,4.3,3.6,14.4,86.3,26.1,60.3,30.2,61.2,15.9,0,0,0,1,3.0,0,3,2,14.5,85.9,85.8,86.0,60.85,60.8,60.9,15.45,15.4,15.5,14.65,14.6,14.7,16.3,16.3,16.3,0.0,2.0,7.0,5.0,1.5,18.7,14.0,1.9,0,3,5,1,0,13.0,2,3,13.0,34.0,34.0,1.0,11.0,4,1.0,0.0,0.0,0.0,1.0,1.0,1.0,1.0,0.0,0.0,0.0,0.0,0.0,0.0,0.0,0.0,0.0,0.0,0.0,1.0,0.0,1.0,0.0,1.0,0.0,0.0,0.0,0.0,0.0,0.0,0.0,0.0,1.0,0.0,0.0,0.0,0.0,0.0
oenanthe oenanthe,17.9,9.9,3.7,3.7,27.3,95.1,30.5,64.6,32.1,56.7,25.39,0,0,1,3,3.0,0,3,2,15.0,96.4,98.1,94.7,53.0,54.5,51.5,17.3,17.5,17.1,26.95,27.2,26.7,22.95,23.6,22.3,1.0,2.0,9.0,5.5,1.5,21.0,15.8,2.83,0,3,4,2,0,13.0,2,3,15.0,30.0,27.5,1.0,10.0,4,1.0,0.0,0.0,0.0,1.0,0.0,0.0,0.0,0.0,0.0,1.0,1.0,1.0,0.0,0.0,0.0,0.0,0.0,1.0,0.0,0.0,0.0,0.0,1.0,1.0,0.0,0.0,0.0,0.0,0.0,0.0,0.0,1.0,1.0,0.0,0.0,0.0,0.0
phoenicurus ochruros,15.4,8.1,2.8,2.9,22.4,83.1,19.2,64.1,23.1,60.4,16.5,0,0,3,3,2.0,2,3,2,14.5,86.5,87.6,85.4,59.6,60.8,58.4,15.05,15.2,14.9,23.35,23.4,23.3,16.0,15.8,16.2,1.0,2.0,8.0,5.0,2.0,19.4,14.4,2.16,0,3,4,2,0,15.0,2,3,16.0,27.0,27.0,1.0,10.0,6,1.0,1.0,0.0,1.0,0.0,0.0,0.0,0.0,0.0,0.0,0.0,0.0,0.0,0.0,0.0,0.0,0.0,0.0,1.0,1.0,0.0,1.0,0.0,1.0,1.0,0.0,0.0,0.0,0.0,0.0,1.0,0.0,1.0,1.0,0.0,0.0,0.0,0.0
phoenicurus phoenicurus,13.9,7.8,3.3,3.4,21.6,77.9,20.2,58.1,25.8,58.0,14.59,0,0,6,1,3.0,0,3,2,14.0,79.55,80.8,78.3,54.75,55.6,53.9,14.6,14.7,14.5,21.9,21.8,22.0,15.7,16.0,15.4,1.0,3.0,10.0,6.0,2.0,18.7,13.8,1.9,0,3,4,2,0,13.0,2,3,15.0,29.0,28.0,1.0,10.0,6,1.0,0.0,0.0,0.0,1.0,1.0,0.0,1.0,0.0,0.0,0.0,0.0,0.0,0.0,0.0,0.0,0.0,0.0,0.0,0.0,0.0,0.0,0.0,1.0,1.0,0.0,0.0,0.0,0.0,0.0,0.0,0.0,1.0,1.0,0.0,0.0,0.0,0.0
saxicola rubetra,14.7,8.0,3.6,3.8,22.3,76.5,20.4,55.9,26.7,47.3,16.6,0,0,4,2,3.0,0,3,2,12.5,76.45,77.1,75.8,44.0,44.9,43.1,14.8,14.8,14.8,22.3,22.2,22.4,16.6,16.5,16.7,1.0,2.0,7.0,5.5,1.0,18.9,14.3,2.06,0,3,3,2,0,13.0,2,3,18.0,29.0,29.0,1.0,7.0,4,1.0,0.0,0.0,0.0,1.0,0.0,0.0,0.0,0.0,0.0,0.0,1.0,0.0,0.0,0.0,0.0,0.0,0.0,0.0,0.0,0.0,0.0,1.0,1.0,1.0,0.0,0.0,0.0,0.0,0.0,0.0,0.0,1.0,1.0,0.0,0.0,0.0,0.0
saxicola torquatus,15.3,7.9,3.5,3.4,21.9,67.3,14.0,53.3,20.8,48.3,14.09,0,0,4,3,2.0,0,3,2,12.5,66.1,66.6,65.6,45.45,45.9,45.0,15.25,15.2,15.3,22.95,22.9,23.0,14.5,14.2,14.8,1.0,2.0,7.0,5.0,2.5,17.9,14.1,1.87,0,3,3,2,0,14.0,2,3,14.0,29.0,25.5,1.0,9.0,6,1.0,1.0,0.0,1.0,0.0,0.0,0.0,0.0,1.0,0.0,0.0,0.0,0.0,0.0,0.0,0.0,0.0,0.0,0.0,0.0,0.0,0.0,0.0,1.0,1.0,0.0,0.0,0.0,0.0,0.0,0.0,0.0,1.0,1.0,0.0,0.0,0.0,0.0
oriolus oriolus,28.5,18.2,8.9,8.5,22.5,151.6,58.8,93.8,38.5,82.9,79.0,0,0,6,1,3.0,2,4,2,24.0,152.55,153.9,151.2,84.1,84.1,84.1,27.8,27.8,27.8,23.15,23.0,23.3,69.75,68.5,71.0,1.0,2.0,6.0,3.5,1.0,30.4,21.3,7.3,0,3,5,2,0,17.0,1,3,18.0,29.0,29.0,2.0,11.0,4,1.0,0.0,0.0,0.0,1.0,1.0,0.0,1.0,0.0,0.0,0.0,0.0,0.0,0.0,0.0,0.0,0.0,0.0,0.0,0.0,0.0,1.0,0.0,1.0,0.0,0.0,0.0,0.0,0.0,0.0,0.0,0.0,1.0,0.0,0.0,0.0,0.0,0.0
cyanistes caeruleus,9.7,5.8,3.2,4.2,15.2,65.6,13.8,51.8,21.0,51.4,11.1,1,0,0,1,1.0,2,3,2,11.5,66.25,67.5,65.0,50.55,51.5,49.6,9.05,9.1,9.0,17.2,17.6,16.8,11.5,11.5,11.5,0.0,6.0,16.0,11.0,1.0,15.6,11.9,1.14,0,3,4,2,0,14.0,2,1,19.0,32.0,32.0,1.0,12.0,0,1.0,1.0,0.0,0.0,0.0,1.0,0.0,1.0,0.0,0.0,0.0,0.0,0.0,0.0,0.0,0.0,0.0,0.0,0.0,1.0,0.0,0.0,1.0,1.0,1.0,0.0,0.0,0.0,0.0,0.0,0.0,0.0,1.0,1.0,0.0,0.0,0.0,0.0
lophophanes cristatus,11.3,7.0,2.6,3.1,17.1,64.0,12.7,51.3,19.8,51.4,11.04,0,0,6,1,1.0,2,3,2,11.5,63.65,65.1,62.2,50.0,50.6,49.4,11.2,11.2,11.2,18.6,18.8,18.4,11.35,11.5,11.2,0.0,6.0,7.0,6.5,1.0,16.3,12.6,1.31,0,3,4,2,0,15.0,2,1,20.0,43.0,43.0,1.0,12.0,0,1.0,1.0,0.0,0.0,0.0,1.0,1.0,0.0,0.0,0.0,0.0,0.0,0.0,0.0,0.0,0.0,0.0,0.0,0.0,0.0,0.0,0.0,1.0,1.0,1.0,0.0,0.0,0.0,0.0,0.0,0.0,0.0,1.0,1.0,0.0,0.0,0.0,0.0
parus major,11.3,8.0,4.0,4.3,17.4,70.9,13.3,57.7,18.7,61.2,16.25,0,0,6,2,1.0,2,3,2,14.0,75.5,77.0,74.0,60.55,62.7,58.4,12.5,12.6,12.4,20.3,20.8,19.8,18.25,18.9,17.6,0.0,3.0,18.0,10.0,1.5,17.8,13.6,1.7,0,3,4,2,0,14.0,2,1,19.0,30.0,28.0,1.0,15.0,0,1.0,1.0,0.0,0.0,0.0,1.0,1.0,1.0,0.0,0.0,0.0,0.0,0.0,0.0,0.0,0.0,0.0,0.0,0.0,1.0,0.0,0.0,1.0,1.0,1.0,0.0,0.0,0.0,0.0,0.0,0.0,0.0,1.0,1.0,0.0,0.0,0.0,0.0
periparus ater,10.7,6.3,3.0,3.6,15.1,61.1,13.4,47.9,21.9,46.4,9.2,0,0,0,1,1.0,2,3,2,11.5,61.65,62.8,60.5,44.9,45.7,44.1,10.85,10.9,10.8,17.25,17.4,17.1,9.8,9.8,9.8,0.0,5.0,13.0,8.5,1.5,15.3,11.7,1.04,0,3,4,2,0,15.0,2,1,19.0,32.0,32.0,1.0,10.0,0,1.0,1.0,0.0,0.0,0.0,0.0,1.0,0.0,0.0,0.0,0.0,0.0,0.0,0.0,0.0,0.0,0.0,0.0,0.0,0.0,0.0,0.0,1.0,1.0,1.0,0.0,0.0,0.0,0.0,0.0,0.0,0.0,1.0,1.0,0.0,0.0,0.0,0.0
poecile montanus,11.0,7.1,3.4,4.0,16.2,65.5,11.6,53.9,17.7,59.3,11.1,0,0,0,1,1.0,2,3,2,11.5,62.25,63.3,61.2,53.25,54.2,52.3,10.85,11.0,10.7,16.65,17.0,16.3,11.65,12.1,11.2,0.0,4.0,11.0,7.5,1.0,15.7,12.3,1.21,0,3,4,1,0,14.0,2,1,19.0,34.0,32.5,1.0,11.0,0,1.0,1.0,0.0,0.0,0.0,1.0,1.0,1.0,0.0,0.0,0.0,0.0,0.0,0.0,0.0,0.0,0.0,0.0,0.0,0.0,0.0,0.0,1.0,1.0,1.0,0.0,0.0,0.0,0.0,0.0,0.0,0.0,1.0,1.0,0.0,0.0,0.0,0.0
poecile palustris,9.4,6.7,3.3,4.1,15.9,64.0,11.4,52.5,17.9,54.8,11.14,0,0,0,1,1.0,2,3,2,11.5,63.95,65.6,62.3,52.3,53.6,51.0,10.2,10.2,10.2,16.5,16.7,16.3,10.5,11.0,10.0,0.0,3.0,12.0,8.5,1.0,15.9,12.2,1.22,0,3,4,2,0,14.0,2,1,19.0,30.0,28.0,1.0,12.0,2,1.0,1.0,0.0,0.0,0.0,1.0,0.0,0.0,0.0,0.0,0.0,0.0,0.0,0.0,0.0,0.0,0.0,0.0,0.0,0.0,0.0,1.0,1.0,1.0,1.0,0.0,0.0,0.0,0.0,0.0,0.0,0.0,1.0,1.0,0.0,0.0,0.0,0.0
passer domesticus,13.5,9.1,6.3,7.4,17.9,74.9,20.4,54.4,27.3,57.2,26.51,0,0,2,3,1.0,1,1,3,14.5,78.1,79.6,76.6,55.6,56.3,54.9,15.55,15.5,15.6,19.75,19.9,19.6,29.25,29.5,29.0,1.0,2.0,7.0,4.5,3.0,22.2,15.7,2.89,0,1,4,1,0,13.0,1,3,14.0,26.0,23.5,1.0,20.0,0,0.0,1.0,0.0,0.0,0.0,0.0,0.0,1.0,1.0,0.0,0.0,0.0,0.0,0.0,0.0,0.0,0.0,0.0,0.0,1.0,0.0,0.0,1.0,1.0,0.0,0.0,0.0,0.0,0.0,0.0,0.0,1.0,0.0,0.0,0.0,0.0,0.0,0.0
passer montanus,13.2,8.2,5.5,6.5,16.4,67.9,16.7,51.2,24.6,51.0,21.39,0,0,6,2,1.0,2,1,3,14.0,69.95,71.3,68.6,51.75,52.5,51.0,13.2,13.3,13.1,17.95,18.0,17.9,22.8,22.8,22.8,0.0,1.0,8.0,5.0,2.5,18.9,14.0,2.11,0,1,4,1,0,13.0,1,3,18.0,30.0,28.5,1.0,13.0,0,0.0,1.0,0.0,0.0,0.0,1.0,0.0,1.0,1.0,0.0,0.0,0.0,0.0,0.0,0.0,0.0,0.0,0.0,0.0,0.0,0.0,0.0,1.0,1.0,1.0,0.0,0.0,0.0,0.0,0.0,0.0,1.0,1.0,1.0,0.0,0.0,0.0,0.0
phylloscopus bonelli,11.5,6.7,2.6,2.3,18.2,63.5,14.7,48.9,23.1,49.8,8.69,0,0,0,2,3.0,0,3,2,11.5,62.6,64.5,60.7,47.3,49.0,45.6,12.55,12.7,12.4,18.5,18.8,18.2,8.15,8.1,8.2,0.0,4.0,7.0,5.5,1.0,15.8,12.1,1.2,0,3,3,2,0,13.0,2,3,13.0,28.0,28.0,1.0,7.0,4,1.0,0.0,0.0,0.0,1.0,1.0,1.0,0.0,0.0,0.0,0.0,0.0,0.0,0.0,0.0,0.0,0.0,0.0,0.0,0.0,0.0,0.0,0.0,1.0,0.0,0.0,0.0,0.0,0.0,0.0,0.0,0.0,1.0,0.0,0.0,0.0,0.0,0.0
phylloscopus collybita,11.6,6.0,2.3,2.2,19.7,58.8,10.8,47.7,18.4,48.5,8.3,0,0,0,1,3.0,0,3,2,10.5,59.65,61.9,57.4,48.1,49.8,46.4,11.15,11.2,11.1,18.85,19.1,18.6,7.7,8.2,7.2,0.0,3.0,9.0,5.5,2.0,15.2,12.1,1.21,0,3,3,2,1,14.0,2,1,15.0,30.0,30.0,1.0,8.0,4,1.0,0.0,0.0,1.0,1.0,1.0,1.0,0.0,0.0,0.0,0.0,0.0,0.0,0.0,0.0,0.0,0.0,0.0,0.0,0.0,0.0,0.0,0.0,1.0,0.0,0.0,0.0,0.0,0.0,0.0,0.0,0.0,1.0,0.0,0.0,0.0,0.0,0.0
phylloscopus sibilatrix,13.2,6.7,2.8,2.8,18.0,75.8,23.3,52.3,30.9,50.7,9.2,0,0,0,1,3.0,0,3,2,12.0,75.2,77.1,73.3,49.4,50.8,48.0,12.9,12.8,13.0,17.95,17.8,18.1,9.95,9.8,10.1,0.0,2.0,10.0,6.0,1.0,16.2,12.6,1.46,0,3,3,2,0,13.0,2,3,12.0,28.0,28.0,1.0,10.0,4,1.0,0.0,0.0,0.0,1.0,1.0,1.0,0.0,0.0,0.0,0.0,0.0,0.0,0.0,0.0,0.0,0.0,0.0,0.0,0.0,0.0,0.0,0.0,1.0,1.0,0.0,0.0,0.0,0.0,0.0,0.0,0.0,1.0,1.0,0.0,0.0,0.0,0.0
phylloscopus trochilus,12.8,6.6,2.6,2.6,19.3,65.9,17.1,48.8,25.9,52.3,8.7,0,0,0,1,3.0,0,3,2,11.0,65.65,68.2,63.1,50.85,52.7,49.0,11.8,11.9,11.7,19.15,19.5,18.8,9.1,9.3,8.9,0.0,3.0,9.0,6.0,1.0,15.4,12.3,1.2,0,3,3,2,1,13.0,2,1,13.0,27.0,25.5,1.0,11.0,5,1.0,0.0,0.0,0.0,1.0,1.0,1.0,1.0,1.0,0.0,1.0,0.0,0.0,0.0,0.0,0.0,0.0,0.0,0.0,0.0,0.0,0.0,0.0,1.0,1.0,0.0,0.0,0.0,0.0,0.0,0.0,0.0,1.0,1.0,0.0,0.0,0.0,0.0
prunella modularis,14.0,7.8,3.7,3.6,20.4,69.1,14.7,54.5,21.2,59.6,20.24,0,0,0,2,1.0,2,3,3,14.5,69.8,70.9,68.7,57.3,58.0,56.6,14.6,14.7,14.5,21.0,21.1,20.9,21.25,21.4,21.1,0.0,3.0,7.0,5.0,2.0,19.5,14.6,2.21,0,3,5,2,2,13.0,2,3,12.0,28.0,28.0,1.0,21.0,4,1.0,1.0,0.0,1.0,0.0,1.0,1.0,1.0,1.0,0.0,0.0,0.0,0.0,0.0,0.0,0.0,0.0,0.0,0.0,0.0,0.0,0.0,1.0,1.0,0.0,0.0,0.0,0.0,0.0,0.0,0.0,0.0,1.0,0.0,0.0,0.0,0.0,0.0
regulus ignicapilla,10.9,6.0,2.0,2.1,16.5,52.3,11.5,40.7,22.0,39.4,5.6,0,0,0,1,3.0,0,3,2,9.0,52.35,53.5,51.2,39.75,40.2,39.3,11.0,11.2,10.8,16.8,16.9,16.7,5.15,5.0,5.3,0.0,7.0,12.0,8.8,2.0,13.6,10.6,0.69,0,3,1,2,0,15.0,2,1,23.0,40.0,37.5,1.0,0.0,0,1.0,1.0,0.0,1.0,0.0,1.0,1.0,1.0,0.0,0.0,0.0,0.0,0.0,0.0,0.0,0.0,0.0,0.0,0.0,0.0,0.0,0.0,0.0,1.0,1.0,0.0,0.0,0.0,0.0,0.0,0.0,0.0,1.0,1.0,0.0,0.0,0.0,0.0
regulus regulus,10.6,5.7,2.2,2.1,15.0,52.9,11.6,41.2,22.0,39.3,5.54,0,0,0,1,3.0,0,3,2,9.0,53.35,54.4,52.3,40.6,41.3,39.9,10.45,10.3,10.6,16.6,16.8,16.4,5.4,5.5,5.3,0.0,6.0,13.0,10.0,2.0,13.6,10.4,0.78,0,3,1,1,0,16.0,2,1,19.0,34.0,34.0,1.0,5.0,0,1.0,1.0,0.0,1.0,0.0,0.0,1.0,0.0,0.0,0.0,0.0,0.0,0.0,0.0,0.0,0.0,0.0,0.0,0.0,0.0,0.0,0.0,0.0,1.0,1.0,0.0,0.0,0.0,0.0,0.0,0.0,0.0,1.0,1.0,0.0,0.0,0.0,0.0
sitta europaea,20.9,13.6,4.8,4.6,20.2,85.4,20.3,65.0,23.8,46.8,20.37,0,0,0,1,1.0,0,3,2,14.0,84.05,85.1,83.0,43.2,43.7,42.7,20.2,20.3,20.1,19.9,20.0,19.8,23.05,23.3,22.8,0.0,5.0,12.0,7.0,1.0,19.4,14.6,2.16,0,3,4,2,0,15.0,2,3,24.0,33.0,33.0,1.0,13.0,2,1.0,1.0,0.0,0.0,0.0,1.0,1.0,0.0,0.0,0.0,0.0,0.0,0.0,0.0,0.0,0.0,0.0,0.0,0.0,0.0,0.0,0.0,1.0,1.0,1.0,0.0,0.0,0.0,0.0,0.0,0.0,0.0,1.0,1.0,0.0,0.0,0.0,0.0
sturnus vulgaris,30.2,18.5,6.6,6.5,29.0,128.3,49.2,79.1,38.4,65.8,77.14,0,0,2,3,2.0,2,4,2,21.5,130.0,131.6,128.4,62.95,64.1,61.8,28.85,29.3,28.4,30.1,30.5,29.7,80.55,82.7,78.4,1.0,4.0,7.0,5.0,1.5,29.7,21.2,7.0,0,1,4,3,1,12.0,2,1,21.0,29.0,29.0,2.0,23.0,0,1.0,1.0,0.0,1.0,0.0,1.0,0.0,1.0,0.0,0.0,0.0,1.0,0.0,0.0,0.0,0.0,0.0,0.0,0.0,1.0,0.0,1.0,1.0,1.0,1.0,0.0,0.0,0.0,0.0,0.0,0.0,0.0,1.0,1.0,0.0,0.0,0.0,0.0
sylvia atricapilla,15.2,7.2,3.2,3.4,20.8,75.9,20.5,55.4,27.0,62.2,16.7,0,0,6,1,3.0,2,4,2,13.0,74.25,74.4,74.1,58.85,58.9,58.8,14.45,14.3,14.6,20.7,20.6,20.8,18.6,18.0,19.2,1.0,2.0,7.0,5.0,1.0,19.7,14.7,2.19,0,3,5,1,0,13.0,1,3,11.0,28.0,28.0,1.0,14.0,4,1.0,1.0,0.0,1.0,0.0,1.0,1.0,0.0,0.0,0.0,0.0,0.0,0.0,0.0,0.0,0.0,0.0,0.0,0.0,0.0,0.0,1.0,0.0,1.0,0.0,0.0,0.0,0.0,0.0,0.0,0.0,0.0,1.0,0.0,0.0,0.0,0.0,0.0
sylvia borin,15.1,7.2,3.5,3.6,20.1,78.7,23.6,55.2,30.0,57.9,18.2,0,0,6,1,3.0,2,4,2,14.0,78.85,79.3,78.4,54.5,54.2,54.8,14.5,14.6,14.4,20.45,20.6,20.3,18.7,18.2,19.2,0.0,2.0,6.0,4.5,1.0,20.0,14.7,2.38,0,3,5,1,0,12.0,1,1,10.0,22.0,22.0,1.0,14.0,4,1.0,0.0,0.0,0.0,1.0,1.0,0.0,1.0,1.0,0.0,0.0,0.0,0.0,0.0,0.0,0.0,0.0,0.0,0.0,0.0,0.0,1.0,0.0,1.0,0.0,0.0,0.0,0.0,0.0,0.0,0.0,0.0,1.0,0.0,0.0,0.0,0.0,0.0
sylvia communis,13.6,7.0,2.8,3.3,21.3,72.6,17.6,55.1,24.2,63.3,15.1,0,0,4,3,3.0,2,3,2,14.0,72.35,73.4,71.3,60.85,61.4,60.3,14.0,14.0,14.0,21.6,21.9,21.3,14.75,14.4,15.1,1.0,1.0,7.0,4.5,1.0,18.2,13.8,1.78,0,3,5,1,0,11.0,1,3,11.0,29.0,29.0,1.0,9.0,4,1.0,0.0,0.0,0.0,1.0,0.0,0.0,1.0,1.0,0.0,0.0,0.0,0.0,0.0,0.0,0.0,0.0,0.0,0.0,0.0,0.0,1.0,0.0,1.0,0.0,0.0,0.0,0.0,0.0,0.0,0.0,0.0,1.0,0.0,0.0,0.0,0.0,0.0
sylvia curruca,12.4,6.3,2.8,3.1,19.1,65.1,14.4,50.9,22.0,56.9,11.44,0,0,4,3,3.0,2,3,2,13.0,66.1,66.6,65.6,53.95,54.3,53.6,13.2,13.2,13.2,19.75,19.9,19.6,12.4,12.4,12.4,0.0,2.0,7.0,5.0,1.0,16.8,12.7,1.4,0,3,5,1,0,12.0,1,3,11.0,26.0,26.0,1.0,8.0,0,1.0,0.0,0.0,0.0,1.0,0.0,0.0,1.0,1.0,0.0,0.0,0.0,0.0,0.0,0.0,0.0,0.0,0.0,0.0,0.0,0.0,0.0,0.0,1.0,1.0,0.0,0.0,0.0,0.0,0.0,0.0,0.0,1.0,1.0,0.0,0.0,0.0,0.0
troglodytes troglodytes,13.8,8.1,2.5,2.7,17.6,48.5,7.6,40.7,15.7,30.5,9.74,0,0,0,1,3.0,0,3,2,9.5,47.75,49.3,46.2,30.95,31.5,30.4,13.65,14.0,13.3,17.5,17.9,17.1,8.9,10.0,7.8,0.0,3.0,9.0,6.5,2.0,16.4,12.6,1.32,0,3,4,3,1,16.0,2,1,17.0,31.0,31.0,1.0,7.0,4,1.0,1.0,0.0,1.0,0.0,1.0,1.0,1.0,0.0,0.0,0.0,0.0,0.0,0.0,0.0,0.0,0.0,0.0,0.0,0.0,0.0,0.0,0.0,1.0,0.0,0.0,0.0,0.0,0.0,0.0,0.0,0.0,1.0,0.0,0.0,0.0,0.0,0.0
turdus iliacus,22.7,12.2,4.4,5.5,28.0,116.3,37.7,79.0,32.3,78.3,61.2,0,0,0,1,3.0,2,3,2,21.0,115.2,116.1,114.3,80.85,81.8,79.9,14.45,14.6,14.3,29.0,29.3,28.7,62.85,63.3,62.4,0.0,3.0,7.0,5.0,2.0,25.9,19.5,14.9,0,3,3,2,0,13.0,2,3,10.0,24.0,21.0,1.0,17.0,0,1.0,0.0,0.0,1.0,0.0,1.0,1.0,1.0,1.0,0.0,0.0,0.0,0.0,0.0,0.0,0.0,0.0,0.0,0.0,0.0,0.0,1.0,0.0,1.0,1.0,0.0,0.0,0.0,0.0,0.0,0.0,0.0,1.0,1.0,0.0,0.0,0.0,0.0
turdus merula,28.5,15.5,5.3,7.5,33.6,128.4,29.8,98.6,23.1,106.3,102.73,0,0,0,2,1.0,2,4,1,24.5,126.5,129.0,124.0,107.4,108.8,106.0,17.2,17.3,17.1,33.7,34.2,33.2,97.0,95.5,98.5,1.0,2.0,6.0,4.0,2.5,29.3,21.4,7.2,0,3,5,2,0,13.0,2,1,14.0,34.0,34.0,1.0,22.0,0,1.0,1.0,0.0,1.0,0.0,1.0,1.0,1.0,1.0,0.0,0.0,0.0,0.0,0.0,0.0,0.0,0.0,0.0,0.0,1.0,0.0,1.0,0.0,1.0,1.0,0.0,0.0,0.0,0.0,0.0,0.0,0.0,1.0,1.0,0.0,0.0,0.0,0.0
turdus philomelos,23.1,11.9,5.0,5.7,31.8,116.0,35.7,80.5,30.7,81.7,67.74,0,0,0,1,3.0,2,3,1,23.0,114.9,115.7,114.1,84.35,85.2,83.5,14.25,14.0,14.5,32.2,32.1,32.3,76.0,76.0,76.0,0.0,2.0,6.0,4.0,2.5,27.7,20.6,6.2,0,3,5,2,0,13.0,2,3,13.0,29.0,31.5,1.0,18.0,4,1.0,1.0,0.0,1.0,0.0,1.0,1.0,1.0,1.0,0.0,0.0,0.0,0.0,0.0,0.0,0.0,0.0,0.0,0.0,1.0,0.0,1.0,0.0,1.0,1.0,0.0,0.0,0.0,0.0,0.0,0.0,0.0,1.0,1.0,0.0,0.0,0.0,0.0
turdus pilaris,25.4,12.8,5.8,6.5,33.4,144.4,48.0,96.1,33.3,105.9,106.0,0,0,0,1,3.0,0,3,1,25.5,144.7,146.8,142.6,106.4,108.4,104.4,15.6,15.7,15.5,33.6,33.6,33.6,105.05,106.7,103.4,0.0,3.0,7.0,5.5,1.5,28.8,21.0,6.3,0,2,5,2,0,12.0,2,1,13.0,30.0,30.0,1.0,18.0,0,1.0,0.0,0.0,1.0,0.0,1.0,1.0,1.0,0.0,0.0,0.0,0.0,0.0,0.0,0.0,0.0,0.0,0.0,0.0,0.0,0.0,1.0,0.0,1.0,1.0,0.0,0.0,0.0,0.0,0.0,0.0,0.0,1.0,1.0,0.0,0.0,0.0,0.0
turdus viscivorus,26.4,14.5,5.7,6.9,32.7,153.7,53.9,99.6,35.1,111.8,117.37,0,0,0,2,1.0,2,4,2,27.0,152.25,153.9,150.6,112.45,113.8,111.1,15.7,15.9,15.5,33.05,33.4,32.7,117.7,112.2,123.2,0.0,3.0,6.0,4.0,2.0,30.2,22.3,7.8,0,3,5,2,0,14.0,2,3,14.0,28.0,28.0,1.0,21.0,0,1.0,1.0,0.0,1.0,0.0,1.0,1.0,0.0,0.0,0.0,0.0,0.0,0.0,0.0,0.0,0.0,0.0,0.0,0.0,0.0,0.0,1.0,0.0,1.0,1.0,0.0,0.0,0.0,0.0,0.0,0.0,0.0,1.0,1.0,0.0,0.0,0.0,0.0
dendrocopos major,27.9,21.8,9.3,8.7,23.9,136.2,40.8,98.5,29.3,88.0,74.94,0,0,6,1,1.0,2,4,2,22.5,141.5,142.0,141.0,86.7,87.7,85.7,28.15,28.9,27.4,24.1,24.2,24.0,74.0,75.0,73.0,1.0,4.0,10.0,5.5,1.0,27.0,20.0,5.0,0,3,4,1,0,12.0,1,3,22.0,31.0,31.0,1.0,13.0,4,1.0,1.0,0.0,0.0,0.0,1.0,1.0,0.0,0.0,0.0,0.0,0.0,0.0,0.0,0.0,0.0,0.0,0.0,0.0,1.0,0.0,0.0,1.0,1.0,0.0,0.0,0.0,0.0,0.0,0.0,0.0,0.0,1.0,0.0,0.0,0.0,0.0,0.0
dryobates minor,16.5,12.6,4.5,4.7,14.3,90.2,24.8,65.7,27.4,60.1,19.8,0,0,0,1,1.0,0,3,2,14.5,90.2,89.9,90.5,52.0,51.6,52.4,17.3,17.4,17.2,14.35,14.3,14.4,21.5,21.0,22.0,1.0,3.0,8.0,5.0,1.0,19.0,15.0,2.0,0,3,4,1,0,12.0,1,3,19.0,34.0,32.0,1.0,10.0,4,1.0,1.0,0.0,0.0,0.0,1.0,0.0,1.0,0.0,0.0,0.0,0.0,0.0,0.0,0.0,0.0,0.0,0.0,0.0,0.0,0.0,0.0,0.0,1.0,0.0,0.0,0.0,0.0,0.0,0.0,0.0,0.0,1.0,0.0,0.0,0.0,0.0,0.0
dryocopus martius,65.6,46.8,15.4,13.2,35.6,237.8,63.0,175.2,26.4,175.8,321.0,0,0,0,1,1.0,0,3,2,46.0,237.0,238.0,236.0,163.0,162.0,164.0,60.55,62.6,58.5,36.05,36.3,35.8,291.0,291.0,291.0,1.0,1.0,9.0,5.0,1.0,34.0,26.0,12.4,0,3,4,1,0,12.0,1,3,27.0,0.0,0.0,1.0,14.0,4,1.0,1.0,0.0,0.0,0.0,1.0,1.0,0.0,0.0,0.0,0.0,0.0,0.0,0.0,0.0,0.0,0.0,0.0,0.0,0.0,0.0,0.0,0.0,1.0,1.0,0.0,0.0,0.0,0.0,0.0,0.0,0.0,1.0,1.0,0.0,0.0,0.0,0.0
jynx torquilla,17.3,9.1,3.7,3.9,19.6,87.4,23.6,63.6,27.1,68.2,34.96,0,0,6,1,3.0,0,3,3,16.5,89.3,89.6,89.0,64.2,64.6,63.8,15.95,16.1,15.8,19.35,19.5,19.2,40.0,40.0,40.0,0.0,5.0,12.0,8.5,1.0,21.0,15.0,2.6,0,3,4,4,0,13.0,1,3,20.0,34.0,34.0,1.0,7.0,4,1.0,0.0,0.0,0.0,1.0,1.0,0.0,1.0,0.0,0.0,0.0,0.0,0.0,0.0,0.0,0.0,0.0,0.0,0.0,0.0,0.0,0.0,0.0,1.0,0.0,0.0,0.0,0.0,0.0,0.0,0.0,0.0,1.0,0.0,0.0,0.0,0.0,0.0
leiopicus medius,25.0,16.4,5.7,6.3,19.5,123.6,34.9,89.3,28.1,83.9,59.0,0,0,6,1,1.0,0,3,2,21.0,127.0,128.0,126.0,78.85,79.0,78.7,25.55,26.1,25.0,20.45,20.5,20.4,58.0,60.0,56.0,0.0,4.0,8.0,5.5,1.0,25.0,18.0,4.0,0,3,4,3,0,13.0,1,3,23.0,37.0,37.0,2.0,7.0,4,1.0,1.0,0.0,0.0,0.0,1.0,0.0,1.0,0.0,0.0,0.0,0.0,0.0,0.0,0.0,0.0,0.0,0.0,0.0,0.0,0.0,0.0,0.0,1.0,0.0,0.0,0.0,0.0,0.0,0.0,0.0,0.0,1.0,0.0,0.0,0.0,0.0,0.0
picus canus,38.3,24.9,7.9,7.1,24.8,146.6,37.9,109.1,25.8,106.7,137.0,0,0,0,1,1.0,0,3,2,25.5,147.0,147.0,147.0,98.75,98.9,98.6,37.8,38.2,37.4,26.05,26.0,26.1,136.5,137.0,136.0,1.0,4.0,11.0,8.0,1.0,28.0,22.0,7.5,0,3,4,1,0,15.0,1,3,26.0,36.0,36.0,1.0,8.0,4,1.0,1.0,0.0,0.0,0.0,1.0,0.0,1.0,0.0,0.0,0.0,0.0,0.0,0.0,0.0,0.0,0.0,0.0,0.0,0.0,0.0,0.0,0.0,1.0,0.0,0.0,0.0,0.0,0.0,0.0,0.0,0.0,1.0,0.0,0.0,0.0,0.0,0.0
picus viridis,45.0,35.1,11.5,9.8,29.0,165.4,41.0,125.0,24.7,103.0,176.0,0,0,0,2,1.0,0,3,3,32.0,162.5,163.0,162.0,99.45,98.9,100.0,43.7,44.1,43.3,29.8,29.7,29.9,192.5,193.0,192.0,1.0,4.0,9.0,6.0,1.0,32.0,23.0,8.5,0,3,4,3,0,18.0,1,3,25.0,60.0,60.0,1.0,15.0,4,1.0,1.0,0.0,0.0,0.0,0.0,1.0,1.0,0.0,0.0,0.0,0.0,0.0,0.0,0.0,0.0,0.0,0.0,0.0,0.0,0.0,0.0,0.0,1.0,0.0,0.0,0.0,0.0,0.0,0.0,0.0,0.0,1.0,0.0,0.0,0.0,0.0,0.0
strix aluco,30.4,16.2,8.2,15.2,46.4,264.8,77.7,187.1,29.3,171.1,472.46,0,0,0,1,1.0,0,5,2,38.0,272.5,267.0,278.0,158.5,155.0,162.0,31.25,30.5,32.0,47.4,46.5,48.3,495.5,417.0,574.0,0.0,1.0,6.0,3.5,1.0,47.0,39.0,40.0,0,3,4,4,0,29.0,2,1,35.0,112.0,112.0,2.0,22.0,6,1.0,1.0,0.0,0.0,0.0,1.0,1.0,0.0,0.0,0.0,0.0,0.0,0.0,0.0,0.0,0.0,0.0,0.0,0.0,1.0,0.0,0.0,0.0,1.0,1.0,0.0,1.0,0.0,0.0,0.0,0.0,0.0,0.0,0.0,0.0,1.0,0.0,0.0
corvus cornix,55.0,35.9,15.1,18.5,59.4,323.9,119.6,204.6,36.9,179.6,570.0,0,0,2,3,1.0,0,4,3,46.0,323.9,330.4,317.4,184.15,188.4,179.9,55.6,58.05,53.15,59.725,62.0,57.45,526.85,556.0,497.7,0.0,2.0,7.0,4.5,1.0,42.5,29.5,19.1,0,5,5,1,0,19.0,2,1,32.0,64.0,62.0,2.0,19.0,7,1.0,1.0,0.0,0.0,0.0,0.0,0.0,1.0,0.0,0.0,0.0,0.0,0.0,0.0,0.0,0.0,0.0,0.0,0.0,1.0,0.0,0.0,1.0,1.0,1.0,0.0,1.0,1.0,1.0,0.0,0.0,1.0,1.0,1.0,0.0,1.0,1.0,1.0
